2015 VDNA ID,,,,
10495,VisualDNA > Auto > Auto Enthusiast,,,
9508,VisualDNA > Auto > Auto Owner,,,
10845,VisualDNA > Auto > Budget > Average,,,
10846,VisualDNA > Auto > Budget > Good,,,
10847,VisualDNA > Auto > Budget > High,,,
30068,VisualDNA > Auto > Budget > Low,,,
10848,VisualDNA > Auto > Budget > Very High,,,
9399,VisualDNA > Auto > Convertible Car,,,
9406,VisualDNA > Auto > Coupe,,,
30047,VisualDNA > Auto > Eco Conscious,,,
9846,VisualDNA > Auto > Executive Car,,,
30048,VisualDNA > Auto > Family Car,,,
9394,VisualDNA > Auto > Interest > New Car,,,
9395,VisualDNA > Auto > Interest > Second Hand Car,,,
9845,VisualDNA > Auto > Large Car,,,
30005,VisualDNA > Auto > Luxury Car,,,
9844,VisualDNA > Auto > Medium Car,,,
9847,VisualDNA > Auto > Minivan/MPV,,,
10511,VisualDNA > Auto > Motorcycle Owner,,,
9927,VisualDNA > Auto > New Car Driver,,,
10284,VisualDNA > Auto > Off Road,,,
9391,VisualDNA > Auto > Performance,,,
9392,VisualDNA > Auto > Safety Conscious,,,
9928,VisualDNA > Auto > Second Hand Car Driver,,,
30058,VisualDNA > Auto > Small Car,,,
9858,VisualDNA > Auto > Sport Utility Car 4x4,,,
9393,VisualDNA > Auto > Style Conscious,,,
12417,VisualDNA > Brand > Airlines > American Airlines,,,
12545,VisualDNA > Brand > Airlines > British Airways,,,
12415,VisualDNA > Brand > Airlines > Delta,,,
12542,VisualDNA > Brand > Airlines > Easyjet,,,
12419,VisualDNA > Brand > Airlines > Southwest,,,
12416,VisualDNA > Brand > Airlines > United,,,
12418,VisualDNA > Brand > Airlines > US Airways,,,
9364,VisualDNA > Brand > Auto > Alfa Romeo,,,
9365,VisualDNA > Brand > Auto > Audi,,,
9366,VisualDNA > Brand > Auto > BMW,,,
9367,VisualDNA > Brand > Auto > Chevrolet,,,
12380,VisualDNA > Brand > Auto > Chrysler,,,
9368,VisualDNA > Brand > Auto > Citroen,,,
10445,VisualDNA > Brand > Auto > Dacia,,,
12382,VisualDNA > Brand > Auto > Dodge,,,
9369,VisualDNA > Brand > Auto > Fiat,,,
9370,VisualDNA > Brand > Auto > Ford,,,
12381,VisualDNA > Brand > Auto > GMC,,,
9371,VisualDNA > Brand > Auto > Honda,,,
9372,VisualDNA > Brand > Auto > Hyundai,,,
9373,VisualDNA > Brand > Auto > Jaguar,,,
9897,VisualDNA > Brand > Auto > Jeep,,,
9374,VisualDNA > Brand > Auto > Kia,,,
9375,VisualDNA > Brand > Auto > Land Rover,,,
9376,VisualDNA > Brand > Auto > Lexus,,,
9892,VisualDNA > Brand > Auto > Mazda,,,
9377,VisualDNA > Brand > Auto > Mercedes,,,
9378,VisualDNA > Brand > Auto > Mini,,,
9893,VisualDNA > Brand > Auto > Mitsubishi,,,
9379,VisualDNA > Brand > Auto > Nissan,,,
10444,VisualDNA > Brand > Auto > Opel,,,
9380,VisualDNA > Brand > Auto > Peugeot,,,
9381,VisualDNA > Brand > Auto > Porsche,,,
9382,VisualDNA > Brand > Auto > Renault,,,
9890,VisualDNA > Brand > Auto > Seat,,,
9889,VisualDNA > Brand > Auto > Skoda,,,
9383,VisualDNA > Brand > Auto > Smart,,,
9384,VisualDNA > Brand > Auto > Subaru,,,
9895,VisualDNA > Brand > Auto > Suzuki,,,
9385,VisualDNA > Brand > Auto > Toyota,,,
9386,VisualDNA > Brand > Auto > Vauxhall,,,
9891,VisualDNA > Brand > Auto > Volvo,,,
9387,VisualDNA > Brand > Auto > VW,,,
12481,VisualDNA > Brand > Bank > Bank of America,,,
12559,VisualDNA > Brand > Bank > Barclays,,,
12477,VisualDNA > Brand > Bank > Capital One,,,
30609,VisualDNA > Brand > Bank > Citi,,,
30898,VisualDNA > Brand > Bank > Chase,,,
12560,VisualDNA > Brand > Bank > Co-operative Bank,,,
12569,VisualDNA > Brand > Bank > First Direct,,,
30610,VisualDNA > Brand > Bank > HSBC,,,
10793,VisualDNA > Brand > Bank > Moscow Bank,,,
12563,VisualDNA > Brand > Bank > Nationwide,,,
12564,VisualDNA > Brand > Bank > Natwest,,,
12480,VisualDNA > Brand > Bank > PNC,,,
10798,VisualDNA > Brand > Bank > Promsvyazbank,,,
10799,VisualDNA > Brand > Bank > Raiffeisen Bank,,,
12565,VisualDNA > Brand > Bank > RBS,,,
10802,VisualDNA > Brand > Bank > Rosselhozbank,,,
10803,VisualDNA > Brand > Bank > Russian Standard Bank,,,
12566,VisualDNA > Brand > Bank > Sainsburys Bank,,,
12567,VisualDNA > Brand > Bank > Santander,,,
10792,VisualDNA > Brand > Bank > Sberbank,,,
10797,VisualDNA > Brand > Bank > Svyaznoy Bank,,,
12482,VisualDNA > Brand > Bank > TD Bank,,,
12568,VisualDNA > Brand > Bank > Tesco Bank,,,
10796,VisualDNA > Brand > Bank > Unicredit Bank,,,
10800,VisualDNA > Brand > Bank > Uralsib Bank,,,
12483,VisualDNA > Brand > Bank > US Bank,,,
10794,VisualDNA > Brand > Bank > VTB 24 Bank,,,
12484,VisualDNA > Brand > Bank > Wells Fargo,,,
12616,VisualDNA > Brand > Beverages > Coca Cola,,,
12617,VisualDNA > Brand > Beverages > Pepsi,,,
30014,VisualDNA > Brand > CallCredit > Mobiles > Blackberry,,,
31020,VisualDNA > Brand > CallCredit > Telephone Provider > BT,,,
31026,VisualDNA > Brand > CallCredit > Telephone Provider > Sky,,,
31024,VisualDNA > Brand > CallCredit > Telephone Provider > TalkTalk,,,
10830,VisualDNA > Brand > Computer > Acer,,,
30067,VisualDNA > Brand > Computer > Apple,,,
10831,VisualDNA > Brand > Computer > Asus,,,
10828,VisualDNA > Brand > Computer > Dell,,,
10826,VisualDNA > Brand > Computer > HP,,,
10833,VisualDNA > Brand > Computer > Lenovo,,,
10829,VisualDNA > Brand > Computer > Samsung,,,
10832,VisualDNA > Brand > Computer > Sony,,,
10834,VisualDNA > Brand > Computer > Toshiba,,,
9475,VisualDNA > Brand > Consoles > Microsoft X-Box 360,,,
9473,VisualDNA > Brand > Consoles > Nintendo Wii,,,
9474,VisualDNA > Brand > Consoles > Sony Playstation 3,,,
12498,VisualDNA > Brand > Department Stores > Bloomingdales,,,
12638,VisualDNA > Brand > Department Stores > Debenhams,,,
12642,VisualDNA > Brand > Department Stores > Fenwicks,,,
12641,VisualDNA > Brand > Department Stores > House of Fraser,,,
12500,VisualDNA > Brand > Department Stores > JCP,,,
12637,VisualDNA > Brand > Department Stores > John Lewis,,,
12501,VisualDNA > Brand > Department Stores > Kohls,,,
12503,VisualDNA > Brand > Department Stores > Macys,,,
12639,VisualDNA > Brand > Department Stores > Marks and Spencer,,,
12504,VisualDNA > Brand > Department Stores > Neiman Marcus,,,
12505,VisualDNA > Brand > Department Stores > Nordstrom,,,
12502,VisualDNA > Brand > Department Stores > Saks Fifth Avenue,,,
12506,VisualDNA > Brand > Department Stores > Sears,,,
12640,VisualDNA > Brand > Department Stores > Selfridges,,,
12423,VisualDNA > Brand > Fast Food > Arbys,,,
12621,VisualDNA > Brand > Fast Food > Burger King,,,
12627,VisualDNA > Brand > Fast Food > Chicken Cottage,,,
12424,VisualDNA > Brand > Fast Food > Chipotle,,,
12623,VisualDNA > Brand > Fast Food > Dominos,,,
12425,VisualDNA > Brand > Fast Food > Dunkin Donuts,,,
12619,VisualDNA > Brand > Fast Food > KFC,,,
12620,VisualDNA > Brand > Fast Food > McDonalds,,,
12626,VisualDNA > Brand > Fast Food > Nandos,,,
12625,VisualDNA > Brand > Fast Food > Papa Johns,,,
12624,VisualDNA > Brand > Fast Food > Pizza Hut,,,
12622,VisualDNA > Brand > Fast Food > Subway,,,
12430,VisualDNA > Brand > Fast Food > Taco Bell,,,
12431,VisualDNA > Brand > Fast Food > Wendys,,,
11014,VisualDNA > Brand > Home Appliances > Bosch,,,
11017,VisualDNA > Brand > Home Appliances > Electrolux,,,
11013,VisualDNA > Brand > Home Appliances > LG,,,
11015,VisualDNA > Brand > Home Appliances > Panasonic,,,
11016,VisualDNA > Brand > Home Appliances > Philips,,,
11210,VisualDNA > Brand > Home Appliances > Samsung,,,
11247,VisualDNA > Brand > ISP > Akado,,,
9565,VisualDNA > Brand > ISP > AOL,,,
12447,VisualDNA > Brand > ISP > AT&T,,,
11245,VisualDNA > Brand > ISP > Beeline,,,
9566,VisualDNA > Brand > ISP > BT,,,
12448,VisualDNA > Brand > ISP > Charter,,,
12449,VisualDNA > Brand > ISP > Comcast,,,
12450,VisualDNA > Brand > ISP > Cox,,,
11248,VisualDNA > Brand > ISP > Dom.ru,,,
11244,VisualDNA > Brand > ISP > MTS,,,
10291,VisualDNA > Brand > ISP > O2,,,
10290,VisualDNA > Brand > ISP > Orange,,,
10292,VisualDNA > Brand > ISP > Plusnet,,,
11246,VisualDNA > Brand > ISP > Rostelecom,,,
9568,VisualDNA > Brand > ISP > Sky,,,
9569,VisualDNA > Brand > ISP > Talk Talk,,,
12451,VisualDNA > Brand > ISP > Time Warner Cable,,,
11249,VisualDNA > Brand > ISP > TTK,,,
12452,VisualDNA > Brand > ISP > Verizon,,,
9570,VisualDNA > Brand > ISP > Virgin,,,
9621,VisualDNA > Brand > Mobile Provider > 3,,,
10335,VisualDNA > Brand > Mobile Provider > ASDA,,,
12445,VisualDNA > Brand > Mobile Provider > AT&T,,,
11234,VisualDNA > Brand > Mobile Provider > Beeline,,,
12440,VisualDNA > Brand > Mobile Provider > Boost Mobile,,,
9623,VisualDNA > Brand > Mobile Provider > EE,,,
11235,VisualDNA > Brand > Mobile Provider > MegaFon,,,
11233,VisualDNA > Brand > Mobile Provider > MTS,,,
9620,VisualDNA > Brand > Mobile Provider > O2,,,
12441,VisualDNA > Brand > Mobile Provider > Sprint,,,
12442,VisualDNA > Brand > Mobile Provider > T Mobile,,,
10333,VisualDNA > Brand > Mobile Provider > Talk Talk,,,
11236,VisualDNA > Brand > Mobile Provider > Tele2,,,
10334,VisualDNA > Brand > Mobile Provider > Tesco,,,
12443,VisualDNA > Brand > Mobile Provider > US Cellular,,,
12444,VisualDNA > Brand > Mobile Provider > Verizon,,,
9625,VisualDNA > Brand > Mobile Provider > Virgin,,,
9622,VisualDNA > Brand > Mobile Provider > Vodafone,,,
10856,VisualDNA > Brand > Mobiles > Amazon,,,
9605,VisualDNA > Brand > Mobiles > Apple,,,
10855,VisualDNA > Brand > Mobiles > Google,,,
9608,VisualDNA > Brand > Mobiles > HTC,,,
9609,VisualDNA > Brand > Mobiles > LG,,,
10857,VisualDNA > Brand > Mobiles > Microsoft,,,
9610,VisualDNA > Brand > Mobiles > Motorola,,,
9604,VisualDNA > Brand > Mobiles > Nokia,,,
9606,VisualDNA > Brand > Mobiles > Samsung,,,
9611,VisualDNA > Brand > Mobiles > Sony,,,
10604,VisualDNA > Brand > Online Store > Amazon,,,
10559,VisualDNA > Brand > Online Store > Amazon Kindle Store,,,
10564,VisualDNA > Brand > Online Store > Apple App Store,,,
10577,VisualDNA > Brand > Online Store > Apple iTunes,,,
10567,VisualDNA > Brand > Online Store > Google Play,,,
10609,VisualDNA > Brand > Online Store > Kobo Store,,,
10562,VisualDNA > Brand > Online Store > Microsoft X-Box Marketplace,,,
11227,VisualDNA > Brand > Online Store > Ozon.ru,,,
10561,VisualDNA > Brand > Online Store > Play.com,,,
10560,VisualDNA > Brand > Online Store > Sony Playstation Store,,,
12403,VisualDNA > Brand > Printed Media > Los Angeles Times,,,
12404,VisualDNA > Brand > Printed Media > New York Post,,,
12410,VisualDNA > Brand > Printed Media > Sports Illustrated,,,
12607,VisualDNA > Brand > Printed Media > The Economist,,,
12606,VisualDNA > Brand > Printed Media > The Evening Standard,,,
12601,VisualDNA > Brand > Printed Media > The Guardian,,,
12402,VisualDNA > Brand > Printed Media > The Huffington Post,,,
12605,VisualDNA > Brand > Printed Media > The Metro,,,
12603,VisualDNA > Brand > Printed Media > The Mirror,,,
12405,VisualDNA > Brand > Printed Media > The New York Times,,,
12608,VisualDNA > Brand > Printed Media > The New Yorker,,,
12604,VisualDNA > Brand > Printed Media > The Sun,,,
12602,VisualDNA > Brand > Printed Media > The Telegraph,,,
12600,VisualDNA > Brand > Printed Media > The Times,,,
12408,VisualDNA > Brand > Printed Media > The Washington Post,,,
12406,VisualDNA > Brand > Printed Media > USA Today,,,
12407,VisualDNA > Brand > Printed Media > Wall Street Journal,,,
12629,VisualDNA > Brand > Sporting Goods > Adidas,,,
12495,VisualDNA > Brand > Sporting Goods > Champion,,,
12631,VisualDNA > Brand > Sporting Goods > Lululemon,,,
12632,VisualDNA > Brand > Sporting Goods > New Era,,,
12633,VisualDNA > Brand > Sporting Goods > Nike,,,
12634,VisualDNA > Brand > Sporting Goods > Puma,,,
12635,VisualDNA > Brand > Sporting Goods > Reebok,,,
12494,VisualDNA > Brand > Sporting Goods > Russell Athletic,,,
12630,VisualDNA > Brand > Sporting Goods > The North Face,,,
10583,VisualDNA > Brand > Streamed Media > Google,,,
11241,VisualDNA > Brand > Streamed Media > Ivi.ru,,,
10586,VisualDNA > Brand > Streamed Media > Last.fm,,,
10580,VisualDNA > Brand > Streamed Media > Lovefilm,,,
10581,VisualDNA > Brand > Streamed Media > Netflix,,,
10584,VisualDNA > Brand > Streamed Media > Spotify,,,
11228,VisualDNA > Brand > Streamed Media > Yandex Music,,,
9675,VisualDNA > Brand > Supermarket > Aldi,,,
9676,VisualDNA > Brand > Supermarket > ASDA,,,
11194,VisualDNA > Brand > Supermarket > Auchan,,,
11188,VisualDNA > Brand > Supermarket > Azbuka Vkusa,,,
12434,VisualDNA > Brand > Supermarket > Costco,,,
11193,VisualDNA > Brand > Supermarket > Dixi,,,
9678,VisualDNA > Brand > Supermarket > Iceland,,,
11190,VisualDNA > Brand > Supermarket > Karusel,,,
11191,VisualDNA > Brand > Supermarket > Lenta,,,
9679,VisualDNA > Brand > Supermarket > Lidl,,,
9680,VisualDNA > Brand > Supermarket > Marks & Spencer,,,
11186,VisualDNA > Brand > Supermarket > Metro,,,
9681,VisualDNA > Brand > Supermarket > Morrisons,,,
11189,VisualDNA > Brand > Supermarket > Perekryostok,,,
11192,VisualDNA > Brand > Supermarket > Pyaterochka,,,
9682,VisualDNA > Brand > Supermarket > Sainsburys,,,
11187,VisualDNA > Brand > Supermarket > Seventh Continent,,,
12436,VisualDNA > Brand > Supermarket > Target,,,
9683,VisualDNA > Brand > Supermarket > Tesco,,,
9684,VisualDNA > Brand > Supermarket > The Co-operative,,,
12435,VisualDNA > Brand > Supermarket > Trader Joes,,,
9685,VisualDNA > Brand > Supermarket > Waitrose,,,
12437,VisualDNA > Brand > Supermarket > Walmart,,,
12438,VisualDNA > Brand > Supermarket > Whole Foods,,,
10838,VisualDNA > Brand > TV > LG,,,
10837,VisualDNA > Brand > TV > Panasonic,,,
10841,VisualDNA > Brand > TV > Philips,,,
10836,VisualDNA > Brand > TV > Samsung,,,
10839,VisualDNA > Brand > TV > Sony,,,
10840,VisualDNA > Brand > TV > Toshiba,,,
12454,VisualDNA > Brand > TV Provider > AT&T,,,
11229,VisualDNA > Brand > TV Provider > BBK,,,
11237,VisualDNA > Brand > TV Provider > Beeline,,,
9587,VisualDNA > Brand > TV Provider > BT,,,
12455,VisualDNA > Brand > TV Provider > Charter,,,
12456,VisualDNA > Brand > TV Provider > Comcast,,,
11238,VisualDNA > Brand > TV Provider > Continent,,,
12457,VisualDNA > Brand > TV Provider > Cox,,,
10271,VisualDNA > Brand > TV Provider > Freesat,,,
9588,VisualDNA > Brand > TV Provider > Freeview,,,
11226,VisualDNA > Brand > TV Provider > MTS,,,
11224,VisualDNA > Brand > TV Provider > NTV Plus,,,
11225,VisualDNA > Brand > TV Provider > Rostelecom,,,
9589,VisualDNA > Brand > TV Provider > Sky,,,
11239,VisualDNA > Brand > TV Provider > Stream,,,
10302,VisualDNA > Brand > TV Provider > Talk Talk,,,
12458,VisualDNA > Brand > TV Provider > Time Warner Cable,,,
12459,VisualDNA > Brand > TV Provider > Verizon,,,
9590,VisualDNA > Brand > TV Provider > Virgin,,,
30000,VisualDNA > Demographics > Age > 18 to 24,,,
30001,VisualDNA > Demographics > Age > 25 to 34,,,
30002,VisualDNA > Demographics > Age > 35 to 44,,,
30003,VisualDNA > Demographics > Age > 45 to 54,,,
30004,VisualDNA > Demographics > Age > 55 to 64,,,
30071,VisualDNA > Demographics > Age > 65+,,,
30070,VisualDNA > Demographics > Age > Other Age,,,
12589,VisualDNA > Demographics > Career > Business Owner,,,
11221,VisualDNA > Demographics > Career > Education,,,
30246,VisualDNA > Demographics > Career > Emergency & Armed Services,,,
11220,VisualDNA > Demographics > Career > Engineering,,,
11217,VisualDNA > Demographics > Career > Finance/Accounting,,,
11219,VisualDNA > Demographics > Career > Law,,,
30242,VisualDNA > Demographics > Career > Manufacturing,,,
11218,VisualDNA > Demographics > Career > Medical/Biotech,,,
30245,VisualDNA > Demographics > Career > Office/Clerical,,,
11216,VisualDNA > Demographics > Career > Public Sector,,,
30243,VisualDNA > Demographics > Career > Real Estate,,,
11213,VisualDNA > Demographics > Career > Sales/Marketing,,,
11215,VisualDNA > Demographics > Career > Service Sector,,,
30244,VisualDNA > Demographics > Career > Skilled Tradesmen,,,
11214,VisualDNA > Demographics > Career > Technology,,,
9418,VisualDNA > Demographics > Children > Has Children,,,
9417,VisualDNA > Demographics > Children > No Children,,,
10483,VisualDNA > Demographics > Education > Other,,,
10487,VisualDNA > Demographics > Education > Postgraduate,,,
10484,VisualDNA > Demographics > Education > Secondary,,,
10486,VisualDNA > Demographics > Education > University,,,
10485,VisualDNA > Demographics > Education > Vocational,,,
9424,VisualDNA > Demographics > Employment > Employed,,,
9425,VisualDNA > Demographics > Employment > Executive,,,
9426,VisualDNA > Demographics > Employment > Managerial,,,
9427,VisualDNA > Demographics > Employment > Other Employment,,,
9428,VisualDNA > Demographics > Employment > Professional,,,
9429,VisualDNA > Demographics > Employment > Retired,,,
9430,VisualDNA > Demographics > Employment > Self-Employed,,,
9431,VisualDNA > Demographics > Employment > Student,,,
9432,VisualDNA > Demographics > Employment > Unemployed,,,
9411,VisualDNA > Demographics > Gender > Female,,,
9410,VisualDNA > Demographics > Gender > Male,,,
9419,VisualDNA > Demographics > Has Children > 0-4 Years,,,
9421,VisualDNA > Demographics > Has Children > 12-16 Years,,,
10153,VisualDNA > Demographics > Has Children > 16+ Years,,,
9420,VisualDNA > Demographics > Has Children > 5-11 Years,,,
9422,VisualDNA > Demographics > Has Children > Expecting,,,
9439,VisualDNA > Demographics > Relationship Status > Co-habiting,,,
9849,VisualDNA > Demographics > Relationship Status > Divorced,,,
10157,VisualDNA > Demographics > Relationship Status > In a Relationship,,,
9440,VisualDNA > Demographics > Relationship Status > Married,,,
9441,VisualDNA > Demographics > Relationship Status > Single,,,
9850,VisualDNA > Demographics > Relationship Status > Widowed,,,
9910,VisualDNA > Demographics > Social Class > AB,,,
9911,VisualDNA > Demographics > Social Class > C1,,,
9912,VisualDNA > Demographics > Social Class > C2,,,
9913,VisualDNA > Demographics > Social Class > D,,,
9914,VisualDNA > Demographics > Social Class > E,,,
11796,VisualDNA > Emotive > UK > Agreeableness > Altruists,,,
11792,VisualDNA > Emotive > UK > Agreeableness > Assertive,,,
11789,VisualDNA > Emotive > UK > Agreeableness > Competitors,,,
11788,VisualDNA > Emotive > UK > Agreeableness > Control Seekers,,,
11793,VisualDNA > Emotive > UK > Agreeableness > Guarded Collaborators,,,
11791,VisualDNA > Emotive > UK > Agreeableness > Lone Wolves,,,
12360,VisualDNA > Emotive > UK > Agreeableness > Natural Collaborators,,,
11790,VisualDNA > Emotive > UK > Agreeableness > Positive Idealists,,,
11794,VisualDNA > Emotive > UK > Agreeableness > Researchers,,,
11797,VisualDNA > Emotive > UK > Agreeableness > Self Focused,,,
11800,VisualDNA > Emotive > UK > Agreeableness > Team Players,,,
11911,VisualDNA > Emotive > UK > Aspirations and Dreams > Asset Driven,,,
11833,VisualDNA > Emotive > UK > Aspirations and Dreams > Career Driven,,,
11830,VisualDNA > Emotive > UK > Aspirations and Dreams > Conventional Aspirers,,,
11912,VisualDNA > Emotive > UK > Aspirations and Dreams > Family Aspirers,,,
11836,VisualDNA > Emotive > UK > Aspirations and Dreams > Future Champions,,,
11831,VisualDNA > Emotive > UK > Aspirations and Dreams > Happiness Seekers,,,
11913,VisualDNA > Emotive > UK > Aspirations and Dreams > Idea Seekers,,,
11834,VisualDNA > Emotive > UK > Aspirations and Dreams > Love Aspirers,,,
11832,VisualDNA > Emotive > UK > Aspirations and Dreams > Money Driven,,,
11914,VisualDNA > Emotive > UK > Aspirations and Dreams > Nature Lovers,,,
11763,VisualDNA > Emotive > UK > Conscientiousness > Flexible Thinkers,,,
12357,VisualDNA > Emotive > UK > Conscientiousness > Life Planners,,,
11771,VisualDNA > Emotive > UK > Conscientiousness > Obsessive Workers,,,
11760,VisualDNA > Emotive > UK > Conscientiousness > Perfectionsists,,,
11761,VisualDNA > Emotive > UK > Conscientiousness > Spontaneous Coasters,,,
11759,VisualDNA > Emotive > UK > Conscientiousness > Spontaneous Lifers,,,
11758,VisualDNA > Emotive > UK > Conscientiousness > Spontaneous Workers,,,
11764,VisualDNA > Emotive > UK > Conscientiousness > Time Keepers,,,
12358,VisualDNA > Emotive > UK > Conscientiousness > Well Intentioned,,,
11841,VisualDNA > Emotive > UK > Dealing with Stress > Bottled Up,,,
11843,VisualDNA > Emotive > UK > Dealing with Stress > Brush Off,,,
11846,VisualDNA > Emotive > UK > Dealing with Stress > Comfort Seekers,,,
11839,VisualDNA > Emotive > UK > Dealing with Stress > Contemplators,,,
11840,VisualDNA > Emotive > UK > Dealing with Stress > Emotional,,,
11919,VisualDNA > Emotive > UK > Dealing with Stress > Hot And Cold,,,
11922,VisualDNA > Emotive > UK > Dealing with Stress > Quick Fix,,,
11920,VisualDNA > Emotive > UK > Dealing with Stress > Talk It Over,,,
11921,VisualDNA > Emotive > UK > Dealing with Stress > Work Hard Play Hard,,,
11801,VisualDNA > Emotive > UK > Extraversion > Conversationalists,,,
11779,VisualDNA > Emotive > UK > Extraversion > Daydreamers,,,
11777,VisualDNA > Emotive > UK > Extraversion > Frustrated Extraverts,,,
11780,VisualDNA > Emotive > UK > Extraversion > Fun Makers,,,
11783,VisualDNA > Emotive > UK > Extraversion > Jokers,,,
11784,VisualDNA > Emotive > UK > Extraversion > Measured,,,
11774,VisualDNA > Emotive > UK > Extraversion > Natural Leaders,,,
11785,VisualDNA > Emotive > UK > Extraversion > Provocative,,,
11775,VisualDNA > Emotive > UK > Extraversion > Social Listeners,,,
11786,VisualDNA > Emotive > UK > Extraversion > Social Performers,,,
11773,VisualDNA > Emotive > UK > Extraversion > Solitary,,,
11782,VisualDNA > Emotive > UK > Extraversion > Story Tellers,,,
12359,VisualDNA > Emotive > UK > Extraversion > Supporting Characters,,,
11932,VisualDNA > Emotive > UK > Finances > Affluent Providers,,,
11931,VisualDNA > Emotive > UK > Finances > Careful Spenders,,,
12346,VisualDNA > Emotive > UK > Finances > Food Spenders,,,
11867,VisualDNA > Emotive > UK > Finances > Home Improvers,,,
11905,VisualDNA > Emotive > UK > General Interests > Arts And Crafters,,,
11828,VisualDNA > Emotive > UK > General Interests > Auto Enthusiasts,,,
11907,VisualDNA > Emotive > UK > General Interests > Avant-garde,,,
11823,VisualDNA > Emotive > UK > General Interests > Book Worms,,,
11825,VisualDNA > Emotive > UK > General Interests > Family Focused,,,
11824,VisualDNA > Emotive > UK > General Interests > Gamers,,,
11923,VisualDNA > Emotive > UK > General Interests > Gourmet Explorers,,,
11822,VisualDNA > Emotive > UK > General Interests > Music Fanatics,,,
11821,VisualDNA > Emotive > UK > General Interests > Sports Fanatics,,,
11826,VisualDNA > Emotive > UK > General Interests > Style Conscious,,,
11851,VisualDNA > Emotive > UK > Love > Dramatic Lovers,,,
11924,VisualDNA > Emotive > UK > Love > Lonely Hearts,,,
11850,VisualDNA > Emotive > UK > Love > Loving Companions,,,
12345,VisualDNA > Emotive > UK > Love > Passionate Lovers,,,
11856,VisualDNA > Emotive > UK > Love > Rollercoaster Romantics,,,
11848,VisualDNA > Emotive > UK > Love > Romantic Adventurers,,,
11854,VisualDNA > Emotive > UK > Love > Romantic Traditionalists,,,
11849,VisualDNA > Emotive > UK > Love > Tender Hearts,,,
12343,VisualDNA > Emotive > UK > Love > True Romantics,,,
12344,VisualDNA > Emotive > UK > Love > Wavelength Romantics,,,
11805,VisualDNA > Emotive > UK > Neuroticism > Dramatic Escapists,,,
12362,VisualDNA > Emotive > UK > Neuroticism > Easily Deflated,,,
11803,VisualDNA > Emotive > UK > Neuroticism > Happy And Secure,,,
11809,VisualDNA > Emotive > UK > Neuroticism > Internal Escapists,,,
12361,VisualDNA > Emotive > UK > Neuroticism > Internalisers,,,
11806,VisualDNA > Emotive > UK > Neuroticism > Reactive Escapists,,,
11808,VisualDNA > Emotive > UK > Neuroticism > Self Confident,,,
11814,VisualDNA > Emotive > UK > Neuroticism > Self Critical,,,
11811,VisualDNA > Emotive > UK > Neuroticism > Self Secure,,,
11816,VisualDNA > Emotive > UK > Neuroticism > Sensitive,,,
12355,VisualDNA > Emotive > UK > Openness > Creative,,,
12353,VisualDNA > Emotive > UK > Openness > Curious,,,
11747,VisualDNA > Emotive > UK > Openness > Expressive,,,
12356,VisualDNA > Emotive > UK > Openness > Intelligent,,,
11754,VisualDNA > Emotive > UK > Openness > Logical,,,
12354,VisualDNA > Emotive > UK > Openness > Nice,,,
11748,VisualDNA > Emotive > UK > Openness > Sensible,,,
11744,VisualDNA > Emotive > UK > Openness > Straightforward,,,
12348,VisualDNA > Emotive > UK > Resourcefulness > Disengaged Workers,,,
11882,VisualDNA > Emotive > UK > Resourcefulness > Early Stage Workers,,,
11877,VisualDNA > Emotive > UK > Resourcefulness > Experienced Workers,,,
11929,VisualDNA > Emotive > UK > Resourcefulness > Skilled Workers,,,
11915,VisualDNA > Emotive > UK > State of Mind > Caring,,,
11930,VisualDNA > Emotive > UK > State of Mind > Chilled Out,,,
11916,VisualDNA > Emotive > UK > State of Mind > Downhearted,,,
11891,VisualDNA > Emotive > UK > State of Mind > Energetic Optimists,,,
11895,VisualDNA > Emotive > UK > State of Mind > Go Getters,,,
11884,VisualDNA > Emotive > UK > State of Mind > Happy Now,,,
11893,VisualDNA > Emotive > UK > State of Mind > Uncertain Thinkers,,,
11888,VisualDNA > Emotive > UK > State of Mind > Wise Optimists,,,
11959,VisualDNA > Emotive > US > Agreeableness > Assertive,,,
11957,VisualDNA > Emotive > US > Agreeableness > Control Seekers,,,
11960,VisualDNA > Emotive > US > Agreeableness > Disinterested,,,
11958,VisualDNA > Emotive > US > Agreeableness > Lone Wolves,,,
11952,VisualDNA > Emotive > US > Agreeableness > Natural Collaborators,,,
11953,VisualDNA > Emotive > US > Agreeableness > Open Collaborators,,,
11955,VisualDNA > Emotive > US > Agreeableness > Personal Prioritisers,,,
11951,VisualDNA > Emotive > US > Agreeableness > Positive Idealists,,,
11954,VisualDNA > Emotive > US > Agreeableness > Rat Racers,,,
11956,VisualDNA > Emotive > US > Agreeableness > Take Charge,,,
11875,VisualDNA > Emotive > US > Aspirations and Dreams > Career Driven,,,
11878,VisualDNA > Emotive > US > Aspirations and Dreams > Conventional Aspirers,,,
11858,VisualDNA > Emotive > US > Aspirations and Dreams > Family Aspirers,,,
11881,VisualDNA > Emotive > US > Aspirations and Dreams > Future Champions,,,
11876,VisualDNA > Emotive > US > Aspirations and Dreams > Idea Seekers,,,
11873,VisualDNA > Emotive > US > Aspirations and Dreams > Love Aspirers,,,
11762,VisualDNA > Emotive > US > Aspirations and Dreams > Mainstream Consumers,,,
11855,VisualDNA > Emotive > US > Aspirations and Dreams > Mind And Body Aspirers,,,
11925,VisualDNA > Emotive > US > Aspirations and Dreams > Money Driven,,,
11870,VisualDNA > Emotive > US > Aspirations and Dreams > Nature Lovers,,,
11874,VisualDNA > Emotive > US > Aspirations and Dreams > Spiritual Believers,,,
11746,VisualDNA > Emotive > US > Conscientiousness > Brain Feeders,,,
11749,VisualDNA > Emotive > US > Conscientiousness > Flexible Thinkers,,,
11756,VisualDNA > Emotive > US > Conscientiousness > Life Planners,,,
11753,VisualDNA > Emotive > US > Conscientiousness > Obsessive Workers,,,
11752,VisualDNA > Emotive > US > Conscientiousness > Perfectionsists,,,
11755,VisualDNA > Emotive > US > Conscientiousness > Process Workers,,,
11936,VisualDNA > Emotive > US > Conscientiousness > Spontaneous Coasters,,,
11935,VisualDNA > Emotive > US > Conscientiousness > Spontaneous Lifers,,,
11751,VisualDNA > Emotive > US > Conscientiousness > Spontaneous Workers,,,
11745,VisualDNA > Emotive > US > Conscientiousness > Time Keepers,,,
11937,VisualDNA > Emotive > US > Conscientiousness > Well Intentioned,,,
11566,VisualDNA > Emotive > US > Dealing with Stress > Bottled Up,,,
11624,VisualDNA > Emotive > US > Dealing with Stress > Brush Off,,,
11565,VisualDNA > Emotive > US > Dealing with Stress > Comfort Seekers,,,
11880,VisualDNA > Emotive > US > Dealing with Stress > Contemplators,,,
11872,VisualDNA > Emotive > US > Dealing with Stress > Emotional,,,
11629,VisualDNA > Emotive > US > Dealing with Stress > Get Busy,,,
11564,VisualDNA > Emotive > US > Dealing with Stress > Quick Fix,,,
11917,VisualDNA > Emotive > US > Dealing with Stress > Stress Converters,,,
11623,VisualDNA > Emotive > US > Dealing with Stress > Talk It Over,,,
11625,VisualDNA > Emotive > US > Dealing with Stress > Thoughtful,,,
11638,VisualDNA > Emotive > US > Dealing with Stress > Work Hard Play Hard,,,
11941,VisualDNA > Emotive > US > Extraversion > Comics,,,
11949,VisualDNA > Emotive > US > Extraversion > Daydreamers,,,
11946,VisualDNA > Emotive > US > Extraversion > Frustrated Extraverts,,,
11939,VisualDNA > Emotive > US > Extraversion > Fun Makers,,,
11940,VisualDNA > Emotive > US > Extraversion > Jokers,,,
11947,VisualDNA > Emotive > US > Extraversion > Measured,,,
11938,VisualDNA > Emotive > US > Extraversion > Natural Leaders,,,
11948,VisualDNA > Emotive > US > Extraversion > Provocative,,,
11943,VisualDNA > Emotive > US > Extraversion > Social Listeners,,,
11942,VisualDNA > Emotive > US > Extraversion > Social Performers,,,
11950,VisualDNA > Emotive > US > Extraversion > Solitary,,,
11944,VisualDNA > Emotive > US > Extraversion > Story Tellers,,,
11945,VisualDNA > Emotive > US > Extraversion > Supporting Characters,,,
11571,VisualDNA > Emotive > US > Finances > Careful Spenders,,,
11570,VisualDNA > Emotive > US > Finances > Experience Spenders,,,
11576,VisualDNA > Emotive > US > Finances > Food Spenders,,,
11579,VisualDNA > Emotive > US > Finances > Home Improvers,,,
11574,VisualDNA > Emotive > US > Finances > Leisure Spenders,,,
11554,VisualDNA > Emotive > US > Finances > Style Spenders,,,
11577,VisualDNA > Emotive > US > Finances > Tech Spenders,,,
11860,VisualDNA > Emotive > US > General Interests > Arts And Crafters,,,
11845,VisualDNA > Emotive > US > General Interests > Book Worms,,,
11927,VisualDNA > Emotive > US > General Interests > Family Focused,,,
11770,VisualDNA > Emotive > US > General Interests > Foodies,,,
11928,VisualDNA > Emotive > US > General Interests > Gamers,,,
11926,VisualDNA > Emotive > US > General Interests > Global Adventurers,,,
11910,VisualDNA > Emotive > US > General Interests > Good Lifers,,,
11857,VisualDNA > Emotive > US > General Interests > Hot Wheels,,,
11844,VisualDNA > Emotive > US > General Interests > Music Fanatics,,,
11918,VisualDNA > Emotive > US > General Interests > Sports Fanatics,,,
11863,VisualDNA > Emotive > US > General Interests > Style Conscious,,,
11909,VisualDNA > Emotive > US > General Interests > Technologists,,,
11575,VisualDNA > Emotive > US > Love > Dramatic Lovers,,,
11627,VisualDNA > Emotive > US > Love > Loving Companions,,,
11580,VisualDNA > Emotive > US > Love > Passionate Lovers,,,
11572,VisualDNA > Emotive > US > Love > Rollercoaster Romantics,,,
11628,VisualDNA > Emotive > US > Love > Romantic Adventurers,,,
11578,VisualDNA > Emotive > US > Love > Romantic Traditionalists,,,
11573,VisualDNA > Emotive > US > Love > Steadfast Romantics,,,
11630,VisualDNA > Emotive > US > Love > True Romantics,,,
11626,VisualDNA > Emotive > US > Love > Unromantic,,,
11568,VisualDNA > Emotive > US > Love > Wavelength Romantics,,,
11969,VisualDNA > Emotive > US > Neuroticism > Easily Deflated,,,
11968,VisualDNA > Emotive > US > Neuroticism > Feel The Strain,,,
11961,VisualDNA > Emotive > US > Neuroticism > Happy And Secure,,,
11971,VisualDNA > Emotive > US > Neuroticism > Internal Escapists,,,
11967,VisualDNA > Emotive > US > Neuroticism > Internalisers,,,
11972,VisualDNA > Emotive > US > Neuroticism > Reactive Escapists,,,
11964,VisualDNA > Emotive > US > Neuroticism > Self Confident,,,
11963,VisualDNA > Emotive > US > Neuroticism > Self Lovers,,,
11962,VisualDNA > Emotive > US > Neuroticism > Self Secure,,,
11965,VisualDNA > Emotive > US > Neuroticism > Stress Reactors,,,
11970,VisualDNA > Emotive > US > Neuroticism > Trapped,,,
11776,VisualDNA > Emotive > US > Openness > Abstract Artists,,,
11813,VisualDNA > Emotive > US > Openness > Changeable,,,
11765,VisualDNA > Emotive > US > Openness > Creative,,,
11778,VisualDNA > Emotive > US > Openness > Curious,,,
11973,VisualDNA > Emotive > US > Openness > Expressive,,,
11815,VisualDNA > Emotive > US > Openness > Intelligent,,,
11804,VisualDNA > Emotive > US > Openness > Logical,,,
11781,VisualDNA > Emotive > US > Openness > Nice,,,
11743,VisualDNA > Emotive > US > Openness > Reliable,,,
11810,VisualDNA > Emotive > US > Openness > Sensible,,,
11807,VisualDNA > Emotive > US > Openness > Straightforward,,,
11556,VisualDNA > Emotive > US > Resourcefulness > Disengaged Workers,,,
11553,VisualDNA > Emotive > US > Resourcefulness > Early Stage Workers,,,
11555,VisualDNA > Emotive > US > Resourcefulness > Experienced Workers,,,
11561,VisualDNA > Emotive > US > Resourcefulness > Motivated Workers,,,
11562,VisualDNA > Emotive > US > Resourcefulness > Overqualified Workers,,,
11552,VisualDNA > Emotive > US > Resourcefulness > Skilled Workers,,,
11559,VisualDNA > Emotive > US > State of Mind > Ambivalent,,,
11558,VisualDNA > Emotive > US > State of Mind > Caring,,,
11560,VisualDNA > Emotive > US > State of Mind > Chilled Out,,,
11798,VisualDNA > Emotive > US > State of Mind > Downhearted,,,
11767,VisualDNA > Emotive > US > State of Mind > Energetic Optimists,,,
11795,VisualDNA > Emotive > US > State of Mind > Frustrated,,,
11769,VisualDNA > Emotive > US > State of Mind > Go Getters,,,
11768,VisualDNA > Emotive > US > State of Mind > Uncertain Thinkers,,,
11799,VisualDNA > Emotive > US > State of Mind > Wise Optimists,,,
10723,VisualDNA > Entertainment & Lifestyle > Art Enthusiast,,,
30695,VisualDNA > Entertainment & Lifestyle > CallCredit > Active Blogger,,,
30850,VisualDNA > Entertainment & Lifestyle > CallCredit > Console Games,,,
30855,VisualDNA > Entertainment & Lifestyle > CallCredit > Does Not Watch Pay TV,,,
30851,VisualDNA > Entertainment & Lifestyle > CallCredit > Music,,,
30852,VisualDNA > Entertainment & Lifestyle > CallCredit > PC Games,,,
30856,VisualDNA > Entertainment & Lifestyle > CallCredit > Watch TV on Games Console,,,
30148,VisualDNA > Entertainment & Lifestyle > CallCredit > Watch TV Online,,,
30854,VisualDNA > Entertainment & Lifestyle > CallCredit > Watches Pay TV,,,
30696,VisualDNA > Entertainment & Lifestyle > CallCredit > Webmaster,,,
10489,VisualDNA > Entertainment & Lifestyle > Celebrity Enthusiast,,,
9707,VisualDNA > Entertainment & Lifestyle > Cinema > Action,,,
10187,VisualDNA > Entertainment & Lifestyle > Cinema > Anime,,,
9709,VisualDNA > Entertainment & Lifestyle > Cinema > Children & Family,,,
10185,VisualDNA > Entertainment & Lifestyle > Cinema > Classic,,,
9708,VisualDNA > Entertainment & Lifestyle > Cinema > Comedy,,,
10186,VisualDNA > Entertainment & Lifestyle > Cinema > Documentary,,,
9710,VisualDNA > Entertainment & Lifestyle > Cinema > Horror,,,
9711,VisualDNA > Entertainment & Lifestyle > Cinema > Period Drama,,,
9712,VisualDNA > Entertainment & Lifestyle > Cinema > Romantic,,,
9713,VisualDNA > Entertainment & Lifestyle > Cinema > Sci-Fi & Fantasy,,,
9714,VisualDNA > Entertainment & Lifestyle > Cinema > Thriller,,,
10553,VisualDNA > Entertainment & Lifestyle > Cooking Enthusiast,,,
10503,VisualDNA > Entertainment & Lifestyle > Family Oriented,,,
10496,VisualDNA > Entertainment & Lifestyle > Fashion Enthusiast,,,
10490,VisualDNA > Entertainment & Lifestyle > Food Enthusiast,,,
10507,VisualDNA > Entertainment & Lifestyle > Goals > Career,,,
10500,VisualDNA > Entertainment & Lifestyle > Goals > Charity,,,
10499,VisualDNA > Entertainment & Lifestyle > Goals > Dieting,,,
10824,VisualDNA > Entertainment & Lifestyle > Goals > Education,,,
10790,VisualDNA > Entertainment & Lifestyle > Goals > Financial Advice,,,
10722,VisualDNA > Entertainment & Lifestyle > Goals > Quit Smoking,,,
10506,VisualDNA > Entertainment & Lifestyle > Goals > Wedding,,,
10492,VisualDNA > Entertainment & Lifestyle > Health & Wellbeing Enthusiast,,,
9461,VisualDNA > Entertainment & Lifestyle > Interest > Betting,,,
9561,VisualDNA > Entertainment & Lifestyle > Interest > Broadband,,,
9562,VisualDNA > Entertainment & Lifestyle > Interest > Broadband Subscriber,,,
30006,VisualDNA > Entertainment & Lifestyle > Interest > Gaming Console,,,
9463,VisualDNA > Entertainment & Lifestyle > Interest > Media > Books,,,
9900,VisualDNA > Entertainment & Lifestyle > Interest > Media > DVDs,,,
9899,VisualDNA > Entertainment & Lifestyle > Interest > Media > E-Books,,,
10175,VisualDNA > Entertainment & Lifestyle > Interest > Media > Magazines,,,
9464,VisualDNA > Entertainment & Lifestyle > Interest > Media > Music,,,
10293,VisualDNA > Entertainment & Lifestyle > Interest > Media > Newspapers,,,
9901,VisualDNA > Entertainment & Lifestyle > Interest > Media > Radio,,,
30053,VisualDNA > Entertainment & Lifestyle > Interest > Online Games,,,
30013,VisualDNA > Entertainment & Lifestyle > Interest > Paid TV Subscription,,,
9458,VisualDNA > Entertainment & Lifestyle > Interest > Tickets > Cinema,,,
10176,VisualDNA > Entertainment & Lifestyle > Interest > Tickets > Club,,,
9466,VisualDNA > Entertainment & Lifestyle > Interest > Tickets > Concert,,,
10306,VisualDNA > Entertainment & Lifestyle > Interest > Tickets > Gym,,,
10177,VisualDNA > Entertainment & Lifestyle > Interest > Tickets > Museum and Gallery,,,
9468,VisualDNA > Entertainment & Lifestyle > Interest > Tickets > Sports Events,,,
9467,VisualDNA > Entertainment & Lifestyle > Interest > Tickets > Theatre,,,
9471,VisualDNA > Entertainment & Lifestyle > Interest > Video Games,,,
10637,VisualDNA > Entertainment & Lifestyle > Magazines > Celebrity,,,
10635,VisualDNA > Entertainment & Lifestyle > Magazines > Consumer-Focused,,,
10634,VisualDNA > Entertainment & Lifestyle > Magazines > Fashion,,,
10640,VisualDNA > Entertainment & Lifestyle > Magazines > Literary and Arts,,,
10630,VisualDNA > Entertainment & Lifestyle > Magazines > Mens,,,
10631,VisualDNA > Entertainment & Lifestyle > Magazines > Politics,,,
10632,VisualDNA > Entertainment & Lifestyle > Magazines > Science,,,
10636,VisualDNA > Entertainment & Lifestyle > Magazines > Senior-Focused,,,
10629,VisualDNA > Entertainment & Lifestyle > Magazines > Womens,,,
10493,VisualDNA > Entertainment & Lifestyle > News & Politics Enthusiast,,,
10653,VisualDNA > Entertainment & Lifestyle > Nightlife Enthusiast,,,
9879,VisualDNA > Entertainment & Lifestyle > Online > Auctions,,,
30436,VisualDNA > Entertainment & Lifestyle > Online > Browser Preference > Chrome,,,
30437,VisualDNA > Entertainment & Lifestyle > Online > Browser Preference > Firefox,,,
30439,VisualDNA > Entertainment & Lifestyle > Online > Browser Preference > Internet Explorer,,,
30441,VisualDNA > Entertainment & Lifestyle > Online > Browser Preference > Opera,,,
30438,VisualDNA > Entertainment & Lifestyle > Online > Browser Preference > Safari,,,
30440,VisualDNA > Entertainment & Lifestyle > Online > Browser Preference > Silk,,,
10336,VisualDNA > Entertainment & Lifestyle > Online > Chat,,,
9840,VisualDNA > Entertainment & Lifestyle > Online > Dating,,,
9572,VisualDNA > Entertainment & Lifestyle > Online > Movie Downloads,,,
9876,VisualDNA > Entertainment & Lifestyle > Online > Movie Renting,,,
9898,VisualDNA > Entertainment & Lifestyle > Online > Music Downloads,,,
10287,VisualDNA > Entertainment & Lifestyle > Online > News,,,
9877,VisualDNA > Entertainment & Lifestyle > Online > Betting,,,
9574,VisualDNA > Entertainment & Lifestyle > Online > Social Networks,,,
10289,VisualDNA > Entertainment & Lifestyle > Online > Sports,,,
30054,VisualDNA > Entertainment & Lifestyle > Online > Streamed Media,,,
9507,VisualDNA > Entertainment & Lifestyle > Pet Owner,,,
10311,VisualDNA > Entertainment & Lifestyle > Photography Enthusiast,,,
10819,VisualDNA > Entertainment & Lifestyle > Sport > Basketball,,,
10477,VisualDNA > Entertainment & Lifestyle > Sport > Cricket,,,
10476,VisualDNA > Entertainment & Lifestyle > Sport > Football,,,
10314,VisualDNA > Entertainment & Lifestyle > Sport > Golf,,,
10481,VisualDNA > Entertainment & Lifestyle > Sport > Gym,,,
10501,VisualDNA > Entertainment & Lifestyle > Sport > Motor Sport,,,
10478,VisualDNA > Entertainment & Lifestyle > Sport > Outdoor,,,
10475,VisualDNA > Entertainment & Lifestyle > Sport > Rugby,,,
10480,VisualDNA > Entertainment & Lifestyle > Sport > Running,,,
10479,VisualDNA > Entertainment & Lifestyle > Sport > Tennis,,,
30061,VisualDNA > Entertainment & Lifestyle > Sport Enthusiast,,,
10497,VisualDNA > Entertainment & Lifestyle > Tech Enthusiast,,,
30021,VisualDNA > Entertainment & Lifestyle > TV > Children and Family,,,
30059,VisualDNA > Entertainment & Lifestyle > TV > Drama and Soaps,,,
30020,VisualDNA > Entertainment & Lifestyle > TV > Entertainment,,,
9717,VisualDNA > Entertainment & Lifestyle > TV > Factual,,,
9578,VisualDNA > Entertainment & Lifestyle > TV > Free TV,,,
9719,VisualDNA > Entertainment & Lifestyle > TV > Lifestyle and Leisure,,,
9583,VisualDNA > Entertainment & Lifestyle > TV > Movies,,,
30022,VisualDNA > Entertainment & Lifestyle > TV > Music,,,
30023,VisualDNA > Entertainment & Lifestyle > TV > News & Current Affairs,,,
30024,VisualDNA > Entertainment & Lifestyle > TV > Sports,,,
9582,VisualDNA > Entertainment & Lifestyle > TV Enthusiast,,,
9479,VisualDNA > Entertainment & Lifestyle > Video Game > Driving and Racing Games,,,
9480,VisualDNA > Entertainment & Lifestyle > Video Game > Fighting Games,,,
10323,VisualDNA > Entertainment & Lifestyle > Video Game > First Person Shooters,,,
10324,VisualDNA > Entertainment & Lifestyle > Video Game > Not Interested,,,
30007,VisualDNA > Entertainment & Lifestyle > Video Game > Party Music and Dance Games,,,
9860,VisualDNA > Entertainment & Lifestyle > Video Game > Portable Console Owner,,,
9483,VisualDNA > Entertainment & Lifestyle > Video Game > Quiz and Puzzle Games,,,
10322,VisualDNA > Entertainment & Lifestyle > Video Game > Role Playing Games,,,
30008,VisualDNA > Entertainment & Lifestyle > Video Game > Simulation Games,,,
10280,VisualDNA > Entertainment & Lifestyle > Video Game > Social/Casual Games,,,
9487,VisualDNA > Entertainment & Lifestyle > Video Game > Sports Games,,,
9488,VisualDNA > Entertainment & Lifestyle > Video Game > Strategy Games,,,
9852,VisualDNA > Finance > Annuity Holder,,,
9495,VisualDNA > Finance > Bank Account Holder,,,
10784,VisualDNA > Finance > Bank Accounts > ATM Banking,,,
10782,VisualDNA > Finance > Bank Accounts > Online Banking,,,
10785,VisualDNA > Finance > Bank Accounts > Retail Shop Banking,,,
30702,VisualDNA > Finance > CallCredit > Financial Behaviour > Attitude > Careful Money Management,,,
30700,VisualDNA > Finance > CallCredit > Financial Behaviour > Attitude > Financial Nous,,,
30705,VisualDNA > Finance > CallCredit > Financial Behaviour > Attitude > Limited Financial Options,,,
30703,VisualDNA > Finance > CallCredit > Financial Behaviour > Attitude > Live for Today and Save Tomorrow,,,
30701,VisualDNA > Finance > CallCredit > Financial Behaviour > Attitude > Save For What You Want,,,
30704,VisualDNA > Finance > CallCredit > Financial Behaviour > Attitude > Spend and Save To Your Means,,,
30711,VisualDNA > Finance > CallCredit > Financial Behaviour > Credit > Budgeted Credit,,,
30713,VisualDNA > Finance > CallCredit > Financial Behaviour > Credit > Credit Difficulties,,,
30710,VisualDNA > Finance > CallCredit > Financial Behaviour > Credit > Credit Lifestyle,,,
30709,VisualDNA > Finance > CallCredit > Financial Behaviour > Credit > Credit Savvy,,,
30712,VisualDNA > Finance > CallCredit > Financial Behaviour > Credit > Doorstep Credit,,,
30716,VisualDNA > Finance > CallCredit > Financial Behaviour > Investments > Active Investors,,,
30718,VisualDNA > Finance > CallCredit > Financial Behaviour > Investments > Non Investors,,,
30717,VisualDNA > Finance > CallCredit > Financial Behaviour > Investments > Pension Investors,,,
30715,VisualDNA > Finance > CallCredit > Financial Behaviour > Investments > Portfolio Investors,,,
30714,VisualDNA > Finance > CallCredit > Financial Behaviour > Investments > Sophisticated Investors,,,
30722,VisualDNA > Finance > CallCredit > Financial Behaviour > Savings > Conventional Savers,,,
30720,VisualDNA > Finance > CallCredit > Financial Behaviour > Savings > Regular Long and Short Term Savers,,,
30723,VisualDNA > Finance > CallCredit > Financial Behaviour > Savings > Seldom Savers,,,
30719,VisualDNA > Finance > CallCredit > Financial Behaviour > Savings > Sophisticated Savers,,,
30721,VisualDNA > Finance > CallCredit > Financial Behaviour > Savings > Tax Free Cash Savers,,,
30857,VisualDNA > Finance > CallCredit > Financial Products > Bonds,,,
30843,VisualDNA > Finance > CallCredit > Financial Products > Does Not Own > Savings,,,
30838,VisualDNA > Finance > CallCredit > Financial Products > Pension,,,
30839,VisualDNA > Finance > CallCredit > Financial Products > Shares,,,
30736,VisualDNA > Finance > CallCredit > Home Ownership > Living With Parents,,,
30739,VisualDNA > Finance > CallCredit > Home Ownership > Owned Outright,,,
30740,VisualDNA > Finance > CallCredit > Home Ownership > Rented from Local Authority,,,
30741,VisualDNA > Finance > CallCredit > Home Ownership > Rented Privately,,,
30773,VisualDNA > Finance > CallCredit > House Type > Detached,,,
30759,VisualDNA > Finance > CallCredit > House Type > Detached House,,,
30774,VisualDNA > Finance > CallCredit > House Type > Flat/Maisonette,,,
30767,VisualDNA > Finance > CallCredit > House Type > Other Floor Flat,,,
30769,VisualDNA > Finance > CallCredit > House Type > Semi-Detached House,,,
30776,VisualDNA > Finance > CallCredit > House Type > Terraced,,,
30771,VisualDNA > Finance > CallCredit > House Type > Terraced House,,,
30782,VisualDNA > Finance > CallCredit > Household Income > Budgeted Stability (25-30k),,,
30781,VisualDNA > Finance > CallCredit > Household Income > Comfortably Secure (30-40k),,,
30785,VisualDNA > Finance > CallCredit > Household Income > Economically Challenged (10-15k),,,
30786,VisualDNA > Finance > CallCredit > Household Income > Entrenched Struggle (Under 10k),,,
30778,VisualDNA > Finance > CallCredit > Household Income > Established Wealth (75k+),,,
30783,VisualDNA > Finance > CallCredit > Household Income > Limited Resources (20-25k),,,
30780,VisualDNA > Finance > CallCredit > Household Income > Rising Prosperity (40-50k),,,
30779,VisualDNA > Finance > CallCredit > Household Income > Secure Affluence (50-75k),,,
30784,VisualDNA > Finance > CallCredit > Household Income > Uncertain Means (15-20k),,,
30788,VisualDNA > Finance > CallCredit > Household Lifestyle > Accomplished Singles,,,
30801,VisualDNA > Finance > CallCredit > Household Lifestyle > Constrained Solos,,,
30794,VisualDNA > Finance > CallCredit > Household Lifestyle > Contemporary Elders,,,
30793,VisualDNA > Finance > CallCredit > Household Lifestyle > Contented Greys,,,
30790,VisualDNA > Finance > CallCredit > Household Lifestyle > Family Feelgoods,,,
30797,VisualDNA > Finance > CallCredit > Household Lifestyle > Friends Together,,,
30789,VisualDNA > Finance > CallCredit > Household Lifestyle > Go Getting DINKYs,,,
30791,VisualDNA > Finance > CallCredit > Household Lifestyle > Maintained Single Parents,,,
30799,VisualDNA > Finance > CallCredit > Household Lifestyle > Mature and Stable Sedentaries,,,
30804,VisualDNA > Finance > CallCredit > Household Lifestyle > Penny-Wise Pensioners,,,
30796,VisualDNA > Finance > CallCredit > Household Lifestyle > Poundstretching Twosomes,,,
30803,VisualDNA > Finance > CallCredit > Household Lifestyle > Proud Parents Coping Alone,,,
30795,VisualDNA > Finance > CallCredit > Household Lifestyle > Secure Singles,,,
30802,VisualDNA > Finance > CallCredit > Household Lifestyle > Struggling Families,,,
30798,VisualDNA > Finance > CallCredit > Household Lifestyle > Thriving and Thrifty Families,,,
30792,VisualDNA > Finance > CallCredit > Household Lifestyle > Unattached Traditionalists,,,
30800,VisualDNA > Finance > CallCredit > Household Lifestyle > Young Optimists,,,
31066,VisualDNA > Finance > CallCredit > Loans > Average Amount > 1 - 5K,,,
31068,VisualDNA > Finance > CallCredit > Loans > Average Amount > 10001 - 15K,,,
31069,VisualDNA > Finance > CallCredit > Loans > Average Amount > 15001 - 20K,,,
31070,VisualDNA > Finance > CallCredit > Loans > Average Amount > 20001 - 50K,,,
31071,VisualDNA > Finance > CallCredit > Loans > Average Amount > 50001 - 100K,,,
31067,VisualDNA > Finance > CallCredit > Loans > Average Amount > 5001 - 10K,,,
31072,VisualDNA > Finance > CallCredit > Loans > Average Amount > Over 100K,,,
31089,VisualDNA > Finance > CallCredit > Loans > Average Repayment Period > 1 - 12 Months,,,
31090,VisualDNA > Finance > CallCredit > Loans > Average Repayment Period > 13 - 24 Months,,,
31091,VisualDNA > Finance > CallCredit > Loans > Average Repayment Period > 25 - 36 Months,,,
31092,VisualDNA > Finance > CallCredit > Loans > Average Repayment Period > 37 - 48 Months,,,
31093,VisualDNA > Finance > CallCredit > Loans > Average Repayment Period > 49 - 60 Months,,,
31094,VisualDNA > Finance > CallCredit > Loans > Average Repayment Period > Over 60 Months,,,
31029,VisualDNA > Finance > CallCredit > Loans > Last Amount > 1 - 5K,,,
31031,VisualDNA > Finance > CallCredit > Loans > Last Amount > 10001 - 15K,,,
31050,VisualDNA > Finance > CallCredit > Loans > Last Application Year > 2006,,,
31051,VisualDNA > Finance > CallCredit > Loans > Last Application Year > 2007,,,
31052,VisualDNA > Finance > CallCredit > Loans > Last Application Year > 2008,,,
31053,VisualDNA > Finance > CallCredit > Loans > Last Application Year > 2009,,,
31054,VisualDNA > Finance > CallCredit > Loans > Last Application Year > 2010,,,
31055,VisualDNA > Finance > CallCredit > Loans > Last Application Year > 2011,,,
31056,VisualDNA > Finance > CallCredit > Loans > Last Application Year > 2012,,,
31057,VisualDNA > Finance > CallCredit > Loans > Last Application Year > 2013,,,
31058,VisualDNA > Finance > CallCredit > Loans > Last Application Year > 2014,,,
30845,VisualDNA > Finance > CallCredit > Purchase Method > Smartphone,,,
30846,VisualDNA > Finance > CallCredit > Purchase Method > Tablet,,,
31114,VisualDNA > Finance > CallCredit > Renewal > Car Insurance > April,,,
31118,VisualDNA > Finance > CallCredit > Renewal > Car Insurance > August,,,
31122,VisualDNA > Finance > CallCredit > Renewal > Car Insurance > December,,,
31112,VisualDNA > Finance > CallCredit > Renewal > Car Insurance > February,,,
31111,VisualDNA > Finance > CallCredit > Renewal > Car Insurance > January,,,
31117,VisualDNA > Finance > CallCredit > Renewal > Car Insurance > July,,,
31116,VisualDNA > Finance > CallCredit > Renewal > Car Insurance > June,,,
31113,VisualDNA > Finance > CallCredit > Renewal > Car Insurance > March,,,
31115,VisualDNA > Finance > CallCredit > Renewal > Car Insurance > May,,,
31121,VisualDNA > Finance > CallCredit > Renewal > Car Insurance > November,,,
31120,VisualDNA > Finance > CallCredit > Renewal > Car Insurance > October,,,
31119,VisualDNA > Finance > CallCredit > Renewal > Car Insurance > September,,,
30747,VisualDNA > Finance > CallCredit > Renewal > Home Insurance > April,,,
30751,VisualDNA > Finance > CallCredit > Renewal > Home Insurance > August,,,
30755,VisualDNA > Finance > CallCredit > Renewal > Home Insurance > December,,,
30745,VisualDNA > Finance > CallCredit > Renewal > Home Insurance > February,,,
30744,VisualDNA > Finance > CallCredit > Renewal > Home Insurance > January,,,
30750,VisualDNA > Finance > CallCredit > Renewal > Home Insurance > July,,,
30749,VisualDNA > Finance > CallCredit > Renewal > Home Insurance > June,,,
30746,VisualDNA > Finance > CallCredit > Renewal > Home Insurance > March,,,
30748,VisualDNA > Finance > CallCredit > Renewal > Home Insurance > May,,,
30754,VisualDNA > Finance > CallCredit > Renewal > Home Insurance > November,,,
30753,VisualDNA > Finance > CallCredit > Renewal > Home Insurance > October,,,
30752,VisualDNA > Finance > CallCredit > Renewal > Home Insurance > September,,,
9502,VisualDNA > Finance > Credit Card > Does not Pay in Full Each Month,,,
9500,VisualDNA > Finance > Credit Card > Good Credit,,,
9501,VisualDNA > Finance > Credit Card > Pay in full each month,,,
30009,VisualDNA > Finance > Credit Card > User,,,
9499,VisualDNA > Finance > Credit Card > Very Good Credit,,,
10494,VisualDNA > Finance > Finance Enthusiast,,,
9921,VisualDNA > Finance > Home Ownership > First Time Buyer,,,
9922,VisualDNA > Finance > Home Ownership > Has Changed Mortgage Recently,,,
9920,VisualDNA > Finance > Home Ownership > Home Mover,,,
30049,VisualDNA > Finance > Home Ownership > Home Owner,,,
10786,VisualDNA > Finance > Home Ownership > Renter,,,
9906,VisualDNA > Finance > Home Ownership > Second Home Owner,,,
9918,VisualDNA > Finance > Income > Good Income,,,
9917,VisualDNA > Finance > Income > High Income,,,
9916,VisualDNA > Finance > Income > Very High Income,,,
9919,VisualDNA > Finance > Income > Below Average Income,,,
9492,VisualDNA > Finance > Interest > Annuity,,,
9494,VisualDNA > Finance > Interest > Bank Account,,,
11817,VisualDNA > Finance > Interest > Cash Loan,,,
9497,VisualDNA > Finance > Interest > Credit Card,,,
9504,VisualDNA > Finance > Interest > Insurance > Auto Insurance,,,
30010,VisualDNA > Finance > Interest > Insurance > Health Insurance,,,
9513,VisualDNA > Finance > Interest > Insurance > House Insurance,,,
9514,VisualDNA > Finance > Interest > Insurance > Life Insurance,,,
9505,VisualDNA > Finance > Interest > Insurance > Pet Insurance,,,
9510,VisualDNA > Finance > Interest > Insurance > Travel Insurance,,,
9520,VisualDNA > Finance > Interest > Loans,,,
9526,VisualDNA > Finance > Interest > Mortgage,,,
9528,VisualDNA > Finance > Interest > Pensions,,,
9902,VisualDNA > Finance > Interest > Payday Loan,,,
9534,VisualDNA > Finance > Interest > Savings,,,
9518,VisualDNA > Finance > Interest > Tax Free Savings (ISA),,,
9532,VisualDNA > Finance > Interest > Loan Consolidation,,,
30011,VisualDNA > Finance > Investor,,,
9515,VisualDNA > Finance > Life Insurance Contributor,,,
9521,VisualDNA > Finance > Loan User,,,
9861,VisualDNA > Finance > Mortgage Holder,,,
9529,VisualDNA > Finance > Pension Contributor,,,
10256,VisualDNA > Finance > Pensions > Company Pension,,,
10257,VisualDNA > Finance > Pensions > Personal Pension,,,
30012,VisualDNA > Finance > Savings Account Holder,,,
9545,VisualDNA > Food & Drink > Beverages > Beer,,,
10310,VisualDNA > Food & Drink > Beverages > Champagne,,,
9773,VisualDNA > Food & Drink > Beverages > Coffee,,,
9550,VisualDNA > Food & Drink > Beverages > Cola,,,
9549,VisualDNA > Food & Drink > Beverages > Energy Drink,,,
9551,VisualDNA > Food & Drink > Beverages > Juice,,,
10724,VisualDNA > Food & Drink > Beverages > Milk,,,
9552,VisualDNA > Food & Drink > Beverages > Mineral Water,,,
9548,VisualDNA > Food & Drink > Beverages > Spirits,,,
9546,VisualDNA > Food & Drink > Beverages > Alcopop,,,
9774,VisualDNA > Food & Drink > Beverages > Tea,,,
9547,VisualDNA > Food & Drink > Beverages > Wine,,,
9869,VisualDNA > Food & Drink > Food > Asian,,,
9671,VisualDNA > Food & Drink > Food > Budget > Average,,,
9670,VisualDNA > Food & Drink > Food > Budget > Good,,,
9669,VisualDNA > Food & Drink > Food > Budget > High,,,
9672,VisualDNA > Food & Drink > Food > Budget > Low,,,
9668,VisualDNA > Food & Drink > Food > Budget > Very High,,,
9863,VisualDNA > Food & Drink > Food > Fast Food,,,
9872,VisualDNA > Food & Drink > Food > Gourmet Food,,,
9865,VisualDNA > Food & Drink > Food > Healthy Food,,,
9868,VisualDNA > Food & Drink > Food > Indian,,,
9867,VisualDNA > Food & Drink > Food > Italian,,,
9870,VisualDNA > Food & Drink > Food > Mexican,,,
9665,VisualDNA > Food & Drink > Food > Organic,,,
9862,VisualDNA > Food & Drink > Food > Pizza,,,
9666,VisualDNA > Food & Drink > Food > Ready Meal,,,
9662,VisualDNA > Food & Drink > Food > Supermarket > Discount,,,
9660,VisualDNA > Food & Drink > Food > Supermarket > Luxury,,,
9661,VisualDNA > Food & Drink > Food > Supermarket > Mid-Range,,,
30017,VisualDNA > Food & Drink > Food > Supermarket > Online,,,
9864,VisualDNA > Food & Drink > Food > Vegetarian,,,
11251,VisualDNA > Location > Country > Afghanistan,,,
11252,VisualDNA > Location > Country > Aland Islands,,,
11253,VisualDNA > Location > Country > Albania,,,
11254,VisualDNA > Location > Country > Algeria,,,
11255,VisualDNA > Location > Country > American Samoa,,,
11256,VisualDNA > Location > Country > Andorra,,,
11257,VisualDNA > Location > Country > Angola,,,
11258,VisualDNA > Location > Country > Anguilla,,,
11259,VisualDNA > Location > Country > Antarctica,,,
11260,VisualDNA > Location > Country > Antigua and Barbuda,,,
11261,VisualDNA > Location > Country > Argentina,,,
11262,VisualDNA > Location > Country > Armenia,,,
11263,VisualDNA > Location > Country > Aruba,,,
11264,VisualDNA > Location > Country > Australia,,,
11265,VisualDNA > Location > Country > Austria,,,
11266,VisualDNA > Location > Country > Azerbaijan,,,
11267,VisualDNA > Location > Country > Bahamas,,,
11268,VisualDNA > Location > Country > Bahrain,,,
11269,VisualDNA > Location > Country > Bangladesh,,,
11270,VisualDNA > Location > Country > Barbados,,,
11271,VisualDNA > Location > Country > Belarus,,,
11272,VisualDNA > Location > Country > Belgium,,,
11273,VisualDNA > Location > Country > Belize,,,
11274,VisualDNA > Location > Country > Benin,,,
11275,VisualDNA > Location > Country > Bermuda,,,
11276,VisualDNA > Location > Country > Bhutan,,,
11277,VisualDNA > Location > Country > Bolivia,,,
11278,"VisualDNA > Location > Country > Bonaire, Saint Eustatius and Saba",,,
11279,VisualDNA > Location > Country > Bosnia and Herzegovina,,,
11280,VisualDNA > Location > Country > Botswana,,,
11281,VisualDNA > Location > Country > Brazil,,,
11282,VisualDNA > Location > Country > British Indian Ocean Territory,,,
11283,VisualDNA > Location > Country > British Virgin Islands,,,
11284,VisualDNA > Location > Country > Brunei Darussalam,,,
11285,VisualDNA > Location > Country > Bulgaria,,,
11286,VisualDNA > Location > Country > Burkina Faso,,,
11287,VisualDNA > Location > Country > Burundi,,,
11288,VisualDNA > Location > Country > Cambodia,,,
11289,VisualDNA > Location > Country > Cameroon,,,
11290,VisualDNA > Location > Country > Canada,,,
11291,VisualDNA > Location > Country > Cape Verde,,,
11292,VisualDNA > Location > Country > Cayman Islands,,,
11293,VisualDNA > Location > Country > Central African Republic,,,
11294,VisualDNA > Location > Country > Chad,,,
11295,VisualDNA > Location > Country > Chile,,,
11296,VisualDNA > Location > Country > China,,,
11297,VisualDNA > Location > Country > Christmas Island,,,
11298,VisualDNA > Location > Country > Cocos Islands,,,
11299,VisualDNA > Location > Country > Colombia,,,
11300,VisualDNA > Location > Country > Comoros,,,
11301,VisualDNA > Location > Country > Congo,,,
11302,VisualDNA > Location > Country > Congo DR,,,
11303,VisualDNA > Location > Country > Cook Islands,,,
11304,VisualDNA > Location > Country > Costa Rica,,,
11305,VisualDNA > Location > Country > Cote DIvoire,,,
11306,VisualDNA > Location > Country > Croatia,,,
11307,VisualDNA > Location > Country > Cuba,,,
11308,VisualDNA > Location > Country > Curacao,,,
11309,VisualDNA > Location > Country > Cyprus,,,
11310,VisualDNA > Location > Country > Czech Republic,,,
11311,VisualDNA > Location > Country > Denmark,,,
11312,VisualDNA > Location > Country > Djibouti,,,
11313,VisualDNA > Location > Country > Dominica,,,
11314,VisualDNA > Location > Country > Dominican Republic,,,
11315,VisualDNA > Location > Country > Ecuador,,,
11316,VisualDNA > Location > Country > Egypt,,,
11317,VisualDNA > Location > Country > El Salvador,,,
11318,VisualDNA > Location > Country > Equatorial Guinea,,,
11319,VisualDNA > Location > Country > Eritrea,,,
11320,VisualDNA > Location > Country > Estonia,,,
11321,VisualDNA > Location > Country > Ethiopia,,,
11322,VisualDNA > Location > Country > Falkland Islands,,,
11323,VisualDNA > Location > Country > Faroe Islands,,,
11324,VisualDNA > Location > Country > Federated States of Micronesia,,,
11325,VisualDNA > Location > Country > Fiji,,,
11326,VisualDNA > Location > Country > Finland,,,
10983,VisualDNA > Location > Country > France,,,
11327,VisualDNA > Location > Country > French Guiana,,,
11328,VisualDNA > Location > Country > French Polynesia,,,
11329,VisualDNA > Location > Country > French Southern Territories,,,
11330,VisualDNA > Location > Country > Gabon,,,
11331,VisualDNA > Location > Country > Gambia,,,
11332,VisualDNA > Location > Country > Georgia,,,
10952,VisualDNA > Location > Country > Germany,,,
11333,VisualDNA > Location > Country > Ghana,,,
11334,VisualDNA > Location > Country > Gibraltar,,,
11335,VisualDNA > Location > Country > Greece,,,
11336,VisualDNA > Location > Country > Greenland,,,
11337,VisualDNA > Location > Country > Grenada,,,
11338,VisualDNA > Location > Country > Guadeloupe,,,
11339,VisualDNA > Location > Country > Guam,,,
11340,VisualDNA > Location > Country > Guatemala,,,
11341,VisualDNA > Location > Country > Guernsey,,,
11342,VisualDNA > Location > Country > Guinea,,,
11343,VisualDNA > Location > Country > Guinea-Bissau,,,
11344,VisualDNA > Location > Country > Guyana,,,
11345,VisualDNA > Location > Country > Haiti,,,
11346,VisualDNA > Location > Country > Honduras,,,
11347,VisualDNA > Location > Country > Hong Kong,,,
11348,VisualDNA > Location > Country > Hungary,,,
11349,VisualDNA > Location > Country > Iceland,,,
11350,VisualDNA > Location > Country > India,,,
11351,VisualDNA > Location > Country > Indonesia,,,
11352,VisualDNA > Location > Country > Iran,,,
11353,VisualDNA > Location > Country > Iraq,,,
11354,VisualDNA > Location > Country > Ireland,,,
11355,VisualDNA > Location > Country > Isle of Man,,,
11356,VisualDNA > Location > Country > Israel,,,
10993,VisualDNA > Location > Country > Italy,,,
11357,VisualDNA > Location > Country > Jamaica,,,
11358,VisualDNA > Location > Country > Japan,,,
11359,VisualDNA > Location > Country > Jersey,,,
11360,VisualDNA > Location > Country > Jordan,,,
11361,VisualDNA > Location > Country > Kazakhstan,,,
11362,VisualDNA > Location > Country > Kenya,,,
11363,VisualDNA > Location > Country > Kiribati,,,
11364,VisualDNA > Location > Country > Kuwait,,,
11365,VisualDNA > Location > Country > Kyrgyzstan,,,
11366,VisualDNA > Location > Country > Laos,,,
11367,VisualDNA > Location > Country > Latvia,,,
11368,VisualDNA > Location > Country > Lebanon,,,
11369,VisualDNA > Location > Country > Lesotho,,,
11370,VisualDNA > Location > Country > Liberia,,,
11371,VisualDNA > Location > Country > Libya,,,
11372,VisualDNA > Location > Country > Liechtenstein,,,
11373,VisualDNA > Location > Country > Lithuania,,,
11374,VisualDNA > Location > Country > Luxembourg,,,
11375,VisualDNA > Location > Country > Macau,,,
11376,VisualDNA > Location > Country > Macedonia,,,
11377,VisualDNA > Location > Country > Madagascar,,,
11378,VisualDNA > Location > Country > Malawi,,,
11550,VisualDNA > Location > Country > Malaysia,,,
11379,VisualDNA > Location > Country > Maldives,,,
11380,VisualDNA > Location > Country > Mali,,,
11381,VisualDNA > Location > Country > Malta,,,
11382,VisualDNA > Location > Country > Marshall Islands,,,
11383,VisualDNA > Location > Country > Martinique,,,
11384,VisualDNA > Location > Country > Mauritania,,,
11385,VisualDNA > Location > Country > Mauritius,,,
11386,VisualDNA > Location > Country > Mayotte,,,
11387,VisualDNA > Location > Country > Mexico,,,
11388,VisualDNA > Location > Country > Moldova,,,
11389,VisualDNA > Location > Country > Monaco,,,
11390,VisualDNA > Location > Country > Mongolia,,,
11391,VisualDNA > Location > Country > Montenegro,,,
11392,VisualDNA > Location > Country > Montserrat,,,
11393,VisualDNA > Location > Country > Morocco,,,
11394,VisualDNA > Location > Country > Mozambique,,,
11395,VisualDNA > Location > Country > Myanmar,,,
11396,VisualDNA > Location > Country > Namibia,,,
11397,VisualDNA > Location > Country > Nauru,,,
11398,VisualDNA > Location > Country > Nepal,,,
11004,VisualDNA > Location > Country > Netherlands,,,
11399,VisualDNA > Location > Country > New Caledonia,,,
11400,VisualDNA > Location > Country > New Zealand,,,
11401,VisualDNA > Location > Country > Nicaragua,,,
11402,VisualDNA > Location > Country > Niger,,,
11403,VisualDNA > Location > Country > Nigeria,,,
11404,VisualDNA > Location > Country > Niue,,,
11405,VisualDNA > Location > Country > Norfolk Island,,,
11406,VisualDNA > Location > Country > North Korea,,,
11407,VisualDNA > Location > Country > Northern Mariana Islands,,,
11408,VisualDNA > Location > Country > Norway,,,
11409,VisualDNA > Location > Country > Oman,,,
11410,VisualDNA > Location > Country > Pakistan,,,
11411,VisualDNA > Location > Country > Palau,,,
11412,VisualDNA > Location > Country > Palestinian Territory,,,
11413,VisualDNA > Location > Country > Panama,,,
11414,VisualDNA > Location > Country > Papua New Guinea,,,
11415,VisualDNA > Location > Country > Paraguay,,,
11416,VisualDNA > Location > Country > Peru,,,
11417,VisualDNA > Location > Country > Philippines,,,
11418,VisualDNA > Location > Country > Pitcairn Islands,,,
11419,VisualDNA > Location > Country > Poland,,,
10965,VisualDNA > Location > Country > Portugal,,,
11420,VisualDNA > Location > Country > Puerto Rico,,,
11421,VisualDNA > Location > Country > Qatar,,,
11422,VisualDNA > Location > Country > Reunion,,,
11423,VisualDNA > Location > Country > Romania,,,
10776,VisualDNA > Location > Country > Russia,,,
11424,VisualDNA > Location > Country > Rwanda,,,
11425,VisualDNA > Location > Country > Saint Barthelemy,,,
11426,VisualDNA > Location > Country > Saint Helena,,,
11427,VisualDNA > Location > Country > Saint Kitts and Nevis,,,
11428,VisualDNA > Location > Country > Saint Lucia,,,
11429,VisualDNA > Location > Country > Saint Martin,,,
11430,VisualDNA > Location > Country > Saint Pierre and Miquelon,,,
11431,VisualDNA > Location > Country > Saint Vincent and the Grenadines,,,
11432,VisualDNA > Location > Country > Samoa,,,
11433,VisualDNA > Location > Country > San Marino,,,
11434,VisualDNA > Location > Country > Sao Tome and Principe,,,
11435,VisualDNA > Location > Country > Saudi Arabia,,,
11436,VisualDNA > Location > Country > Senegal,,,
11437,VisualDNA > Location > Country > Serbia,,,
11438,VisualDNA > Location > Country > Seychelles,,,
11439,VisualDNA > Location > Country > Sierra Leone,,,
11440,VisualDNA > Location > Country > Singapore,,,
11441,VisualDNA > Location > Country > Sint Maarten,,,
11442,VisualDNA > Location > Country > Slovakia,,,
11443,VisualDNA > Location > Country > Slovenia,,,
11444,VisualDNA > Location > Country > Solomon Islands,,,
11445,VisualDNA > Location > Country > Somalia,,,
11446,VisualDNA > Location > Country > South Africa,,,
11447,VisualDNA > Location > Country > South Korea,,,
11448,VisualDNA > Location > Country > South Sudan,,,
10973,VisualDNA > Location > Country > Spain,,,
11449,VisualDNA > Location > Country > Sri Lanka,,,
11450,VisualDNA > Location > Country > Sudan,,,
11451,VisualDNA > Location > Country > Suriname,,,
11452,VisualDNA > Location > Country > Svalbard and Jan Mayen,,,
11453,VisualDNA > Location > Country > Swaziland,,,
11454,VisualDNA > Location > Country > Sweden,,,
10904,VisualDNA > Location > Country > Switzerland,,,
11455,VisualDNA > Location > Country > Syria,,,
11456,VisualDNA > Location > Country > Taiwan,,,
11457,VisualDNA > Location > Country > Tajikistan,,,
11458,VisualDNA > Location > Country > Tanzania,,,
11459,VisualDNA > Location > Country > Thailand,,,
11460,VisualDNA > Location > Country > Timor-Leste,,,
11461,VisualDNA > Location > Country > Togo,,,
11462,VisualDNA > Location > Country > Tokelau,,,
11463,VisualDNA > Location > Country > Tonga,,,
11464,VisualDNA > Location > Country > Trinidad and Tobago,,,
11465,VisualDNA > Location > Country > Tunisia,,,
11466,VisualDNA > Location > Country > Turkey,,,
11467,VisualDNA > Location > Country > Turkmenistan,,,
11468,VisualDNA > Location > Country > Turks and Caicos Islands,,,
11469,VisualDNA > Location > Country > Tuvalu,,,
11470,VisualDNA > Location > Country > U.S. Virgin Islands,,,
11471,VisualDNA > Location > Country > Uganda,,,
11222,VisualDNA > Location > Country > Ukraine,,,
11472,VisualDNA > Location > Country > United Arab Emirates,,,
10097,VisualDNA > Location > Country > United Kingdom,,,
11473,VisualDNA > Location > Country > United States,,,
11474,VisualDNA > Location > Country > Uruguay,,,
11475,VisualDNA > Location > Country > Uzbekistan,,,
11476,VisualDNA > Location > Country > Vanuatu,,,
11477,VisualDNA > Location > Country > Vatican City,,,
11478,VisualDNA > Location > Country > Venezuela,,,
11479,VisualDNA > Location > Country > Vietnam,,,
11480,VisualDNA > Location > Country > Wallis and Futuna,,,
11481,VisualDNA > Location > Country > Western Sahara,,,
11482,VisualDNA > Location > Country > Yemen,,,
11483,VisualDNA > Location > Country > Zambia,,,
11484,VisualDNA > Location > Country > Zimbabwe,,,
11543,VisualDNA > Location > Geographic Region > Caribbean,,,
11549,VisualDNA > Location > Geographic Region > CIS,,,
11545,VisualDNA > Location > Geographic Region > East Asia,,,
11542,VisualDNA > Location > Geographic Region > East/Central/Southern Africa,,,
11538,VisualDNA > Location > Geographic Region > Europe,,,
11540,VisualDNA > Location > Geographic Region > Latin America,,,
11539,VisualDNA > Location > Geographic Region > Middle East,,,
11547,VisualDNA > Location > Geographic Region > North America,,,
11548,VisualDNA > Location > Geographic Region > Oceania,,,
11546,VisualDNA > Location > Geographic Region > South Asia,,,
11544,VisualDNA > Location > Geographic Region > Southeast Asia,,,
11541,VisualDNA > Location > Geographic Region > West Africa,,,
11740,VisualDNA > Location > Location Type > All Countries,,,
10814,VisualDNA > Location > Location Type > City/Urban,,,
10817,VisualDNA > Location > Location Type > Rural/Village,,,
10815,VisualDNA > Location > Location Type > Town,,,
10851,VisualDNA > Retail & Consumer Goods > Brand Preference,,,
30136,VisualDNA > Retail & Consumer Goods > CallCredit > Mobile > Contract Phone,,,
30811,VisualDNA > Retail & Consumer Goods > CallCredit > Mobile > No Smartphone,,,
30805,VisualDNA > Retail & Consumer Goods > CallCredit > Mobile > Non-Contract Phone,,,
30815,VisualDNA > Retail & Consumer Goods > CallCredit > Mobile > Operating System > Android,,,
30819,VisualDNA > Retail & Consumer Goods > CallCredit > Mobile > Operating System > Blackberry OS,,,
30817,VisualDNA > Retail & Consumer Goods > CallCredit > Mobile > Operating System > iOS,,,
30807,VisualDNA > Retail & Consumer Goods > CallCredit > Mobile > PAYG Phone,,,
30810,VisualDNA > Retail & Consumer Goods > CallCredit > Mobile > Smartphone Owner,,,
30812,VisualDNA > Retail & Consumer Goods > CallCredit > Mobile > Standard Phone,,,
30822,VisualDNA > Retail & Consumer Goods > CallCredit > Ownership > Apple Macbook,,,
30134,VisualDNA > Retail & Consumer Goods > CallCredit > Ownership > Blackberry,,,
30831,VisualDNA > Retail & Consumer Goods > CallCredit > Ownership > Does Not Own > Games Console,,,
30132,VisualDNA > Retail & Consumer Goods > CallCredit > Ownership > Games Console,,,
30853,VisualDNA > Retail & Consumer Goods > CallCredit > Ownership > iPad,,,
30135,VisualDNA > Retail & Consumer Goods > CallCredit > Ownership > iPhone,,,
30823,VisualDNA > Retail & Consumer Goods > CallCredit > Ownership > Mobile Phone Wallet,,,
30824,VisualDNA > Retail & Consumer Goods > CallCredit > Ownership > Portable Games Console,,,
30825,VisualDNA > Retail & Consumer Goods > CallCredit > Ownership > Tablet,,,
9642,VisualDNA > Retail & Consumer Goods > Clothes > Fashion Style > Classic,,,
9643,VisualDNA > Retail & Consumer Goods > Clothes > Fashion Style > Comfortable,,,
9644,VisualDNA > Retail & Consumer Goods > Clothes > Fashion Style > Contemporary,,,
9645,VisualDNA > Retail & Consumer Goods > Clothes > Fashion Style > Ethnic,,,
9646,VisualDNA > Retail & Consumer Goods > Clothes > Fashion Style > Grunge,,,
9647,VisualDNA > Retail & Consumer Goods > Clothes > Fashion Style > High Fashion,,,
9851,VisualDNA > Retail & Consumer Goods > Clothes > Fashion Style > High Street Label,,,
9649,VisualDNA > Retail & Consumer Goods > Clothes > Fashion Style > Hipster,,,
9648,VisualDNA > Retail & Consumer Goods > Clothes > Fashion Style > Luxury,,,
9639,VisualDNA > Retail & Consumer Goods > Clothes > Fashion Style > Outdoor,,,
9653,VisualDNA > Retail & Consumer Goods > Clothes > Fashion Style > Skater/Surfer,,,
9650,VisualDNA > Retail & Consumer Goods > Clothes > Fashion Style > Smart,,,
30016,VisualDNA > Retail & Consumer Goods > Clothes > Fashion Style > Sporty,,,
9652,VisualDNA > Retail & Consumer Goods > Clothes > Fashion Style > Urban,,,
9632,VisualDNA > Retail & Consumer Goods > Clothes > Interest > Online Purchase,,,
9631,VisualDNA > Retail & Consumer Goods > Clothes > Interest > Purchase,,,
9637,VisualDNA > Retail & Consumer Goods > Clothes > Price Level > Discount,,,
9635,VisualDNA > Retail & Consumer Goods > Clothes > Price Level > High-End,,,
9634,VisualDNA > Retail & Consumer Goods > Clothes > Price Level > Luxury,,,
9636,VisualDNA > Retail & Consumer Goods > Clothes > Price Level > Mid-Range,,,
9539,VisualDNA > Retail & Consumer Goods > Cosmetics > Hair Products,,,
9885,VisualDNA > Retail & Consumer Goods > Cosmetics > Male Grooming,,,
9881,VisualDNA > Retail & Consumer Goods > Cosmetics > Online Cosmetics,,,
9884,VisualDNA > Retail & Consumer Goods > Cosmetics > Perfume/Cologne,,,
10854,VisualDNA > Retail & Consumer Goods > Cosmetics > Sensitive Skin,,,
9883,VisualDNA > Retail & Consumer Goods > Cosmetics > Shampoo,,,
10823,VisualDNA > Retail & Consumer Goods > Cosmetics > Toiletries,,,
30455,VisualDNA > Retail & Consumer Goods > Electrionics > Ownership > Amazon Device,,,
30453,VisualDNA > Retail & Consumer Goods > Electrionics > Ownership > Android Device,,,
30454,VisualDNA > Retail & Consumer Goods > Electrionics > Ownership > Apple Device,,,
31101,VisualDNA > Retail & Consumer Goods > Electrionics > Ownership > Console,,,
31102,VisualDNA > Retail & Consumer Goods > Electrionics > Ownership > Console > Nintendo Wii,,,
31100,VisualDNA > Retail & Consumer Goods > Electrionics > Ownership > Console > Sony Playstation,,,
30446,VisualDNA > Retail & Consumer Goods > Electrionics > Ownership > Linux Device,,,
30444,VisualDNA > Retail & Consumer Goods > Electrionics > Ownership > Smartphone,,,
30450,VisualDNA > Retail & Consumer Goods > Electrionics > Ownership > Smartphone > Android,,,
30451,VisualDNA > Retail & Consumer Goods > Electrionics > Ownership > Smartphone > Apple (iPhone),,,
31103,VisualDNA > Retail & Consumer Goods > Electrionics > Ownership > Smartphone > Blackberry,,,
30443,VisualDNA > Retail & Consumer Goods > Electrionics > Ownership > Tablet,,,
30447,VisualDNA > Retail & Consumer Goods > Electrionics > Ownership > Tablet > Apple (iPad),,,
30449,VisualDNA > Retail & Consumer Goods > Electrionics > Ownership > Tablet > Blackberry,,,
30448,VisualDNA > Retail & Consumer Goods > Electrionics > Ownership > Tablet > Kindle Fire,,,
30452,VisualDNA > Retail & Consumer Goods > Electrionics > Ownership > Windows Device,,,
10312,VisualDNA > Retail & Consumer Goods > Electronics > Frequent Computer User,,,
30055,VisualDNA > Retail & Consumer Goods > Electronics > Interest > Camera,,,
30050,VisualDNA > Retail & Consumer Goods > Electronics > Interest > Computer,,,
9447,VisualDNA > Retail & Consumer Goods > Electronics > Interest > Gadgets,,,
9449,VisualDNA > Retail & Consumer Goods > Electronics > Interest > Laptop,,,
9875,VisualDNA > Retail & Consumer Goods > Electronics > Interest > Online Purchasing,,,
10462,VisualDNA > Retail & Consumer Goods > Electronics > Interest > Software,,,
30046,VisualDNA > Retail & Consumer Goods > Electronics > Interest > Tablet,,,
30056,VisualDNA > Retail & Consumer Goods > Electronics > Interest > TV,,,
10852,VisualDNA > Retail & Consumer Goods > Ethical,,,
9882,VisualDNA > Retail & Consumer Goods > Interest > Cosmetics,,,
9908,VisualDNA > Retail & Consumer Goods > Interest > DIY,,,
10178,VisualDNA > Retail & Consumer Goods > Interest > Gardening,,,
30069,VisualDNA > Retail & Consumer Goods > Interest > Homewares,,,
9656,VisualDNA > Retail & Consumer Goods > Interest > Jewelry,,,
9657,VisualDNA > Retail & Consumer Goods > Interest > Watches,,,
30045,VisualDNA > Retail & Consumer Goods > Mobile > Interest > Contract,,,
9771,VisualDNA > Retail & Consumer Goods > Mobile > Interest > Device Upgrade,,,
9924,VisualDNA > Retail & Consumer Goods > Mobile > Interest > Mobile Phone,,,
30057,VisualDNA > Retail & Consumer Goods > Mobile > Interest > Pay As You Go,,,
9769,VisualDNA > Retail & Consumer Goods > Mobile > Interest > Renewing Contract,,,
9615,VisualDNA > Retail & Consumer Goods > Mobile > Platform Preference > Android,,,
9613,VisualDNA > Retail & Consumer Goods > Mobile > Platform Preference > Apple,,,
9614,VisualDNA > Retail & Consumer Goods > Mobile > Platform Preference > Windows,,,
10850,VisualDNA > Retail & Consumer Goods > Price Sensitivity,,,
10853,VisualDNA > Retail & Consumer Goods > Recommendations,,,
10491,VisualDNA > Retail & Consumer Goods > Shopping Enthusiast,,,
10600,VisualDNA > Retail & Consumer Goods > Shopping Preference > Books > Chain Bookstore,,,
10610,VisualDNA > Retail & Consumer Goods > Shopping Preference > Books > Independent Bookstore,,,
10607,VisualDNA > Retail & Consumer Goods > Shopping Preference > Books > Newsstand,,,
10859,VisualDNA > Retail & Consumer Goods > Shopping Preference > Catalogue Shopping,,,
10860,VisualDNA > Retail & Consumer Goods > Shopping Preference > Department Store,,,
30015,VisualDNA > Retail & Consumer Goods > Shopping Preference > Online Purchase,,,
10861,VisualDNA > Retail & Consumer Goods > Shopping Preference > Secondhand Store,,,
10862,VisualDNA > Retail & Consumer Goods > Shopping Preference > Speciality Store,,,
10858,VisualDNA > Retail & Consumer Goods > Shopping Preference > TV Shopping Channels,,,
30065,VisualDNA > Travel > Budget > Average,,,
30064,VisualDNA > Travel > Budget > Good,,,
30063,VisualDNA > Travel > Budget > High,,,
30066,VisualDNA > Travel > Budget > Low,,,
30062,VisualDNA > Travel > Budget > Very High,,,
30697,VisualDNA > Travel > CallCredit > Holiday Researcher,,,
30694,VisualDNA > Travel > CallCredit > Train Tickets,,,
10330,VisualDNA > Travel > Interest > Accomodation > B & B,,,
10332,VisualDNA > Travel > Interest > Accomodation > Chalet,,,
10245,VisualDNA > Travel > Interest > Accomodation > Holiday w. Friends,,,
10327,VisualDNA > Travel > Interest > Accomodation > Hostel,,,
30018,VisualDNA > Travel > Interest > Accomodation > Hotel,,,
10331,VisualDNA > Travel > Interest > Accomodation > Motel,,,
10328,VisualDNA > Travel > Interest > Accomodation > Private Home,,,
10329,VisualDNA > Travel > Interest > Accomodation > Resort,,,
30019,VisualDNA > Travel > Interest > Accomodation > Villa,,,
9706,VisualDNA > Travel > Interest > Car Rental,,,
9731,VisualDNA > Travel > Interest > Destination > Africa,,,
9733,VisualDNA > Travel > Interest > Destination > Asia,,,
10295,VisualDNA > Travel > Interest > Destination > Caribbean,,,
9728,VisualDNA > Travel > Interest > Destination > Europe,,,
9732,VisualDNA > Travel > Interest > Destination > Middle-East,,,
9729,VisualDNA > Travel > Interest > Destination > North America,,,
10286,VisualDNA > Travel > Interest > Destination > Oceania,,,
9730,VisualDNA > Travel > Interest > Destination > South America,,,
10899,VisualDNA > Travel > Interest > Flights,,,
9702,VisualDNA > Travel > Interest > Flights > Business Class,,,
9704,VisualDNA > Travel > Interest > Flights > Economy Class,,,
9701,VisualDNA > Travel > Interest > Flights > First Class,,,
9703,VisualDNA > Travel > Interest > Flights > Premium Economy Class,,,
30060,VisualDNA > Travel > Interest > Holiday Type > Beach,,,
30051,VisualDNA > Travel > Interest > Holiday Type > Camping,,,
30042,VisualDNA > Travel > Interest > Holiday Type > City Break,,,
30041,VisualDNA > Travel > Interest > Holiday Type > Cruise,,,
30025,VisualDNA > Travel > Interest > Holiday Type > Domestic,,,
30026,VisualDNA > Travel > Interest > Holiday Type > Foreign,,,
30030,VisualDNA > Travel > Interest > Holiday Type > Package,,,
30043,VisualDNA > Travel > Interest > Holiday Type > Spa Break,,,
30044,VisualDNA > Travel > Interest > Holiday Type > Theme Parks,,,
30040,VisualDNA > Travel > Interest > Holiday Type > Winter Sports,,,
30052,VisualDNA > Travel > Interest > Holiday Type > World Exploration,,,
9888,VisualDNA > Travel > Interest > Online Purchase,,,
10902,VisualDNA > Travel > Interest > Road Trip,,,
10900,VisualDNA > Travel > Interest > Train Vacation,,,
9699,VisualDNA > Travel > Interest > Vacations,,,
30027,VisualDNA > Travel > Purpose > Business,,,
30028,VisualDNA > Travel > Purpose > Leisure,,,
10818,VisualDNA > Travel > Travel Enthusiast,,,
30689,VisualDNA > TV Audiences > Demographic Groups > AB Men,,,
30690,VisualDNA > TV Audiences > Demographic Groups > AB Women,,,
30679,VisualDNA > TV Audiences > Demographic Groups > ABC1 Adults,,,
30684,VisualDNA > TV Audiences > Demographic Groups > ABC1 Men,,,
30685,VisualDNA > TV Audiences > Demographic Groups > ABC1 Women,,,
30680,VisualDNA > TV Audiences > Demographic Groups > Adults 18 - 34,,,
30683,VisualDNA > TV Audiences > Demographic Groups > Adults 25 - 54,,,
30258,VisualDNA > TV Audiences > Demographic Groups > Adults 55+,,,
30686,VisualDNA > TV Audiences > Demographic Groups > C2D Adults,,,
30687,VisualDNA > TV Audiences > Demographic Groups > C2D Men,,,
30688,VisualDNA > TV Audiences > Demographic Groups > C2D Women,,,
30257,VisualDNA > TV Audiences > Demographic Groups > Housewives with Kids,,,
30259,VisualDNA > TV Audiences > Demographic Groups > Men 18 - 34,,,
30681,VisualDNA > TV Audiences > Demographic Groups > Men 25 - 54,,,
30260,VisualDNA > TV Audiences > Demographic Groups > Women 18 - 34,,,
30682,VisualDNA > TV Audiences > Demographic Groups > Women 24 - 54,,,
30253,VisualDNA > TV Audiences > Media Consumption > Online Video > Heavy,,,
30255,VisualDNA > TV Audiences > Media Consumption > Online Video > Light,,,
30254,VisualDNA > TV Audiences > Media Consumption > Online Video > Medium,,,
30250,VisualDNA > TV Audiences > Media Consumption > TV > Heavy,,,
30252,VisualDNA > TV Audiences > Media Consumption > TV > Light,,,
30251,VisualDNA > TV Audiences > Media Consumption > TV > Medium,,,